{
    "kayak.com": [{
        "url": "https://www.kayak.com/flights/{arrivalDestination}-{departureDestination}/{flightDate}/1adults?a&fs=cfc=1;bfc=1;transportation=transportation_plane",
        "inputs": ["arrivalDestination", "departureDestination", "flightDate"],
        "outputs": [
            {"variable": "content_block", "tag": "div", "code": ".resultWrapper"},
            {"variable": "flight_times", "tag": "div", "code": "section times"},
            {"variable": "stops", "tag": "div", "code": "section stops"},
            {"variable": "trip_duration", "tag": "div", "code": "section duration allow-multi-modal-icons"},
            {"variable": "rate_pp", "tag": "span", "code": "price-text"},
            {"variable": "flight_type", "tag": "div", "code": "above-button"},
            {"variable": "site", "tag": "span", "code": "name-only-text"}
        ],
        "arrivalDestinations": "arrivalCityCodesAirlineSchedule.csv",
        "departureDestinations": "departureCityCodesAirlineSchedule.csv"
    }],
    "momondo.com": [{
        "url": "https://www.momondo.com/flight-search/{arrivalDestination}-{departureDestination}/{flightDate}?a&fs=cfc=1;bfc=1;transportation=transportation_plane",
        "inputs": ["arrivalDestination", "departureDestination", "flightDate"],
        "outputs": [
            {"variable": "content_block", "tag": "div", "code": ".resultWrapper"},
            {"variable": "flight_times", "tag": "div", "code": "section times"},
            {"variable": "stops", "tag": "div", "code": "section stops"},
            {"variable": "trip_duration", "tag": "div", "code": "section duration allow-multi-modal-icons"},
            {"variable": "rate_pp", "tag": "span", "code": "price-text"},
            {"variable": "flight_type", "tag": "div", "code": "above-button"},
            {"variable": "site", "tag": "span", "code": "name-only-text"}
        ],
        "arrivalDestinations": "arrivalCityCodesAirlineSchedule.csv",
        "departureDestinations": "departureCityCodesAirlineSchedule.csv"
    }]
}