2022-08-25,Downtown Grand Hotel & Casino,Grand Deluxe King Bed Non-Smoking,US$45
2022-08-25,Polo Towers By Diamond Resorts,Studio,US$56
2022-08-25,"Motel 6-Las Vegas, NV - Tropicana",Queen Room,US$59
2022-08-25,"Motel 6-Las Vegas, NV - I-15 Stadium",Quadruple Room,US$73
2022-08-25,Ellis Island Hotel Casino & Brewery,Deluxe King Room - Non-Smoking,US$30
2022-08-25,Thunderbird Boutique Hotel,Double Queen Room Accessible,US$39
2022-08-25,Oasis at Gold Spike - Adults Only,Gold Spike Queen,US$34
2022-08-25,Tuscany Suites & Casino,Deluxe Executive King Non-Smoking Suite,US$49
2022-08-25,Extended Stay America Suites - Las Vegas - Midtown,Queen Studio - Non-Smoking,US$90
2022-08-25,Plaza Hotel & Casino,Deluxe Room,US$36
2022-08-25,Vdara Hotel & Spa at ARIA Las Vegas,Studio,US$125
2022-08-25,Hotel Apache,Standard Queen Room,US$65
2022-08-25,Super 8 by Wyndham Las Vegas North Strip/Fremont St. Area,Queen Room - Non-Smoking,US$39
2022-08-25,"Motel 6-Las Vegas, NV - Boulder Hwy",Quadruple Room,US$74
2022-08-25,Days Inn by Wyndham Las Vegas Wild Wild West Gambling Hall,King Room - Non Smoking,US$43
2022-08-25,Longhorn Boulder Highway,Double Room with Two Double Beds,US$58
2022-08-25,The Signature at MGM Grand - All Suites,Signature Deluxe Suite,US$89
2022-08-25,Extended Stay America Suites - Las Vegas - Valley View,One Bedroom Suite - Non-Smoking,US$100
2022-08-25,Palms Place Hotel and Spa,Studio,US$76
2022-08-25,Downtowner Boutique Hotel,Standard Queen Room,US$40
2022-08-25,Alexis Park All Suite Resort,Renovated Parlor Double,US$85
2022-08-25,Best Western Plus Las Vegas West,King Room - Non-Smoking,US$109
2022-08-25,Hampton Inn Las Vegas/Summerlin,Double Room - Non-Smoking ,US$120
2022-08-25,Arizona Charlie's Boulder,Standard  Room with Two Double Beds,US$59
2022-08-25,Arizona Charlie's Decatur,Klondike Standard Room,US$49
