2022-08-25,Downtown Grand Hotel & Casino,Grand Deluxe King Bed Non-Smoking,US$115
2022-08-25,Ellis Island Hotel Casino & Brewery,Deluxe Queen Room with Two Queen Beds - Non-Smoking,US$95
2022-08-25,Polo Towers By Diamond Resorts,Studio,US$104
2022-08-25,Silver Sevens Hotel & Casino,Deluxe Double Queen,US$64
2022-08-25,Best Western Plus Henderson Hotel,King Room - Non-Smoking,US$105
2022-08-25,Plaza Hotel & Casino,Deluxe Room,US$108
2022-08-25,Best Western McCarran Inn,King Room - Non-Smoking,US$131
2022-08-25,DoubleTree by Hilton Las Vegas East Flamingo,King Room with Roll-in Shower - Mobility/Hearing Accessible,US$159
2022-08-25,Circa Resort & Casino - Adults Only,Single King ,US$139
2022-08-25,Arizona Charlie's Boulder,Deluxe Suite with One King + One Double Bed,US$93
2022-08-25,Sonesta Simply Suites Las Vegas Convention Center,Queen Studio Suite,US$108
2022-08-25,"Motel 6-Las Vegas, NV - Tropicana",Queen Room,US$109
2022-08-25,Hampton Inn & Suites Las Vegas Convention Center - No Resort Fee,Queen Room with Two Queen Beds,US$149
2022-08-25,Extended Stay America Suites - Las Vegas - Midtown,Queen Studio - Non-Smoking,US$85
2022-08-25,Travelodge by Wyndham Las Vegas Airport Near The Strip,Queen Room with Two Queen Beds - Non-Smoking,US$98
2022-08-25,"Hampton Inn Las Vegas Strip South, NV 89123",Queen Room with Two Queen Beds,US$149
2022-08-25,Embassy Suites by Hilton Convention Center Las Vegas,Executive King Suite - Non-Smoking,US$173
2022-08-25,Hampton Inn Tropicana Las Vegas,King Room - Non-Smoking,US$159
2022-08-25,Arizona Charlie's Decatur,Klondike Standard Room,US$99
2022-08-25,Embassy Suites by Hilton Las Vegas,One-Bedroom King Suite - Non-Smoking,US$169
2022-08-25,Hampton Inn & Suites Las Vegas Airport,King Room - Non-Smoking,US$149
2022-08-25,"Holiday Inn Express Hotel and Suites - Henderson, an IHG Hotel",King Room - Non-Smoking,US$149
2022-08-25,"Holiday Inn Express Las Vegas-Nellis, an IHG Hotel",Standard  Room,US$124
2022-08-25,Skyline Hotel and Casino,Classic King,US$125
2022-08-25,"Motel 6-Las Vegas, NV - I-15 Stadium",Queen Room,US$109
