2022-08-25,Downtown Grand Hotel & Casino,Grand Deluxe King Bed Non-Smoking,US$115
2022-08-25,Polo Towers By Diamond Resorts,Studio,US$104
2022-08-25,Silver Sevens Hotel & Casino,Deluxe Double Queen,US$64
2022-08-25,"Motel 6-Las Vegas, NV - Tropicana",Queen Room,US$109
2022-08-25,Extended Stay America Suites - Las Vegas - Midtown,Queen studio with 1 Queen Bed - Disability Access/Non-Smoking,US$85
2022-08-25,"Motel 6-Las Vegas, NV - I-15 Stadium",Queen Room,US$109
2022-08-25,Extended Stay America Suites - Las Vegas - Valley View,One Bedroom Suite - Non-Smoking,US$100
2022-08-25,Serene Vegas Boutique Hotel,RKS SUPERIOR KING SUITE,US$73
2022-08-25,Golden Gate Casino Hotel,Queen Room,US$59
2022-08-25,Alexis Park All Suite Resort,Renovated Deluxe Queen,US$111
2022-08-25,Mardi Gras Hotel & Casino,Standard King- Non Smoking,US$89
2022-08-25,Ellis Island Hotel Casino & Brewery,Deluxe Queen Room with Two Queen Beds - Non-Smoking,US$95
2022-08-25,"Motel 6-Las Vegas, NV - Boulder Hwy",Queen Room,US$99
2022-08-25,Hampton Inn Las Vegas/Summerlin,Double Room - Non-Smoking ,US$129
2022-08-25,Thunderbird Boutique Hotel,Single Queen Room,US$95
2022-08-25,Best Western Plus Las Vegas West,King Room with Whirlpool - Non-Smoking,US$153
2022-08-25,Oasis at Gold Spike - Adults Only,Gold Spike Queen,US$99
2022-08-25,Best Western Plus Henderson Hotel,King Room - Non-Smoking,US$105
2022-08-25,Extended Stay America Suites - Las Vegas - East Flamingo,Studio with 1 Double Bed - Disability Access - Non-Smoking,US$95
2022-08-25,Tru By Hilton Las Vegas Airport NV,King Room,US$149
2022-08-25,Plaza Hotel & Casino,Deluxe Room,US$108
2022-08-25,Aviation Inn,Queen Room with Two Queen Beds - Non-Smoking,US$89
2022-08-25,Best Western McCarran Inn,King Room - Non-Smoking,US$131
2022-08-25,Longhorn Boulder Highway,Double Room with Two Double Beds,US$98
2022-08-25,El Cortez Hotel & Casino Adults Over 21 Only,Pavilion Room,US$99
