2022-08-25,Downtown Grand Hotel & Casino,Grand Deluxe King Bed Non-Smoking,US$115
2022-08-25,Silver Sevens Hotel & Casino,Deluxe Double Queen,US$64
2022-08-25,"Motel 6-Las Vegas, NV - Tropicana",Queen Room,US$109
2022-08-25,Extended Stay America Suites - Las Vegas - Midtown,Queen studio with 1 Queen Bed - Disability Access/Non-Smoking,US$85
2022-08-25,"Motel 6-Las Vegas, NV - I-15 Stadium",Queen Room,US$109
2022-08-25,Extended Stay America Suites - Las Vegas - Valley View,One Bedroom Suite - Non-Smoking,US$100
2022-08-25,Serene Vegas Boutique Hotel,RKSV SUPERIOR KING SUITE WITH COURTYARD VIEW,US$72
2022-08-25,Golden Gate Casino Hotel,Queen Room,US$54
2022-08-25,Sonesta Simply Suites Las Vegas Convention Center,Queen Studio Suite,US$108
2022-08-25,Alexis Park All Suite Resort,Renovated Deluxe Queen,US$111
2022-08-25,Mardi Gras Hotel & Casino,Standard King- Non Smoking,US$89
2022-08-25,Ellis Island Hotel Casino & Brewery,Deluxe Queen Room with Two Queen Beds - Non-Smoking,US$95
2022-08-25,Travelodge by Wyndham Las Vegas Airport Near The Strip,Queen Room with Two Queen Beds - Non-Smoking,US$98
2022-08-25,Tuscany Suites & Casino,Executive King,US$121
2022-08-25,Super 8 by Wyndham Las Vegas North Strip/Fremont St. Area,Queen Room - Non-Smoking,US$99
2022-08-25,Days Inn by Wyndham Las Vegas Wild Wild West Gambling Hall,"1 Double Bed, Mobility Accessible Room, Roll-In Shower, Non-Smoking",US$95
2022-08-25,"Motel 6-Las Vegas, NV - Boulder Hwy",Queen Room,US$99
2022-08-25,Hampton Inn Las Vegas/Summerlin,Double Room - Non-Smoking ,US$129
2022-08-25,Thunderbird Boutique Hotel,Single Queen Room,US$95
2022-08-25,Best Western Plus Las Vegas West,King Room with Whirlpool - Non-Smoking,US$153
2022-08-25,Oasis at Gold Spike - Adults Only,Gold Spike Queen,US$94
2022-08-25,Best Western Plus Henderson Hotel,King Room - Non-Smoking,US$105
2022-08-25,Baymont by Wyndham Las Vegas South Strip,Queen Room with Two Queen Beds - Non-Smoking,US$123
2022-08-25,Extended Stay America Suites - Las Vegas - East Flamingo,Studio with 1 Double Bed - Disability Access - Non-Smoking,US$95
2022-08-25,La Quinta by Wyndham Las Vegas RedRock/Summerlin,Queen Room with Two Queen Beds - Non-Smoking,US$169
