2022-08-25,Downtown Grand Hotel & Casino,Grand Deluxe King Bed Non-Smoking,US$45
2022-08-25,Marriott's Grand Chateau,King Room with Sofa Bed (No Resort Fees),US$299
2022-08-25,Silver Sevens Hotel & Casino,Deluxe Double Queen,US$29
2022-08-25,"Motel 6-Las Vegas, NV - Tropicana",Queen Room,US$64
2022-08-25,Tuscany Suites & Casino,Executive Double Room,US$38
2022-08-25,Super 8 by Wyndham Las Vegas North Strip/Fremont St. Area,Queen Room - Non-Smoking,US$39
2022-08-25,"Motel 6-Las Vegas, NV - I-15 Stadium",Queen Room,US$64
2022-08-25,Days Inn by Wyndham Las Vegas Wild Wild West Gambling Hall,King Room - Non Smoking,US$31
2022-08-25,Ellis Island Hotel Casino & Brewery,Deluxe King Room - Non-Smoking,US$31
2022-08-25,Thunderbird Boutique Hotel,Single Queen Room,US$39
2022-08-25,Oasis at Gold Spike - Adults Only,Gold Spike Queen,US$34
2022-08-25,Mardi Gras Hotel & Casino,Standard Queen Room - Non Smoking,US$52
2022-08-25,Plaza Hotel & Casino,Deluxe Room,US$33
2022-08-25,Vdara Hotel & Spa at ARIA Las Vegas,Studio,US$85
2022-08-25,"Motel 6-Las Vegas, NV - Boulder Hwy",Queen Room,US$64
2022-08-25,Hotel Apache,Standard Queen Room,US$65
2022-08-25,Extended Stay America Suites - Las Vegas - Midtown,Queen Studio - Non-Smoking,US$100
2022-08-25,Baymont by Wyndham Las Vegas South Strip,Queen Room with Two Queen Beds - Non-Smoking,US$76
2022-08-25,Travelodge by Wyndham Las Vegas Airport Near The Strip,King Room - Non-Smoking,US$80
2022-08-25,Extended Stay America Suites - Las Vegas - Valley View,One Bedroom Suite - Non-Smoking,US$105
2022-08-25,La Quinta by Wyndham Las Vegas Airport N Conv.,Queen Room with Bath Tub - Mobility Accessible/Non-Smoking,US$89
2022-08-25,Longhorn Boulder Highway,Double Room with Two Double Beds,US$58
2022-08-25,Jet Luxury Elite at The Signature,Elite Deluxe Studio with Jetted Tub,US$80
2022-08-25,The Signature at MGM Grand - All Suites,Signature Deluxe Suite,US$89
2022-08-25,Palms Place Hotel and Spa,Studio,US$76
2022-08-25,Downtowner Boutique Hotel,Standard Queen Room,US$40
2022-08-25,Downtown Grand Hotel & Casino,Grand Deluxe Double Queen Bed Non-Smoking,US$45
2022-08-25,Ellis Island Hotel Casino & Brewery,Deluxe King Room - Non-Smoking,US$30
2022-08-25,Polo Towers By Diamond Resorts,Studio,US$56
2022-08-25,Plaza Hotel & Casino,Deluxe Room,US$31
2022-08-25,"Motel 6-Las Vegas, NV - Tropicana",Queen Room,US$59
2022-08-25,Downtowner Boutique Hotel,Standard Queen Room,US$40
2022-08-25,Arizona Charlie's Boulder,Standard  Room with Two Double Beds,US$56
2022-08-25,Arizona Charlie's Decatur,Klondike Standard Room,US$47
2022-08-25,Best Western McCarran Inn,King Room - Non-Smoking,US$105
2022-08-25,Best Western Plus Henderson Hotel,Queen Room with Two Queen Beds and Walk-In Shower - Disability Access/Non-Smoking,US$89
2022-08-25,DoubleTree by Hilton Las Vegas East Flamingo,King Room with Roll-in Shower - Mobility/Hearing Accessible,US$119
2022-08-25,"Motel 6-Las Vegas, NV - I-15 Stadium",Quadruple Room,US$73
2022-08-25,Travelodge by Wyndham Las Vegas Airport Near The Strip,Queen Room with Two Queen Beds - Non-Smoking,US$89
2022-08-25,Embassy Suites by Hilton Convention Center Las Vegas,King Suite - Disability Access/Non-Smoking,US$139
2022-08-25,Hampton Inn Tropicana Las Vegas,King Room - Non-Smoking,US$119
2022-08-25,Skyline Hotel and Casino,Classic Full ,US$90
2022-08-25,Sonesta Simply Suites Las Vegas Convention Center,Queen Studio Suite with Roll-In Shower - Mobility Accessible,US$96
2022-08-25,La Quinta by Wyndham Las Vegas Airport N Conv.,Deluxe King Room,US$89
2022-08-25,"Hampton Inn Las Vegas Strip South, NV 89123",Queen Room with Two Queen Beds - Hearing Accessible/Non-Smoking,US$121
2022-08-25,Circa Resort & Casino - Adults Only,Single King ,US$139
2022-08-25,Thunderbird Boutique Hotel,Double Queen Room Accessible,US$39
2022-08-25,Hampton Inn & Suites Las Vegas Convention Center - No Resort Fee,Queen Room with Two Queen Beds - Hearing Accessible/Non-Smoking,US$122
2022-08-25,"Candlewood Suites - Las Vegas - E Tropicana, an IHG Hotel",Queen Studio with Two Queen Beds - Hearing Accessible - Non-Smoking,US$124
2022-08-25,La Quinta by Wyndham Las Vegas Summerlin Tech,Deluxe King Room,US$119
2022-08-25,Best Western Plus Casino Royale - Center Strip,Standard King Room (No Resort Fees + Free Parking),US$150
