2022-08-25,Downtown Grand Hotel & Casino,Grand Deluxe King Bed Non-Smoking,US$45
2022-08-25,Marriott's Grand Chateau,King Room with Sofa Bed (No Resort Fees),US$299
2022-08-25,Polo Towers By Diamond Resorts,Studio,US$56
2022-08-25,Silver Sevens Hotel & Casino,Deluxe Double Queen,US$29
2022-08-25,"Motel 6-Las Vegas, NV - Tropicana",Queen Room,US$64
2022-08-25,"Motel 6-Las Vegas, NV - I-15 Stadium",Queen Room,US$64
2022-08-25,Ellis Island Hotel Casino & Brewery,Deluxe King Room - Non-Smoking,US$30
2022-08-25,Thunderbird Boutique Hotel,Single Queen Room,US$39
2022-08-25,Tuscany Suites & Casino,Deluxe Executive Double Non-Smoking Suite,US$49
2022-08-25,Oasis at Gold Spike - Adults Only,Gold Spike Queen,US$34
2022-08-25,Mardi Gras Hotel & Casino,Standard Queen Room - Non Smoking,US$54
2022-08-25,Plaza Hotel & Casino,Deluxe Room,US$40
2022-08-25,Vdara Hotel & Spa at ARIA Las Vegas,Studio,US$125
2022-08-25,"Motel 6-Las Vegas, NV - Boulder Hwy",Queen Room,US$64
2022-08-25,Hotel Apache,Standard Queen Room,US$65
2022-08-25,Super 8 by Wyndham Las Vegas North Strip/Fremont St. Area,Queen Room - Non-Smoking,US$39
2022-08-25,Extended Stay America Suites - Las Vegas - Midtown,Queen Studio - Non-Smoking,US$100
2022-08-25,Days Inn by Wyndham Las Vegas Wild Wild West Gambling Hall,Double Room with Two Double Beds - Non-Smoking,US$43
2022-08-25,Extended Stay America Suites - Las Vegas - Valley View,One Bedroom Suite - Non-Smoking,US$105
2022-08-25,Longhorn Boulder Highway,Double Room with Two Double Beds,US$58
2022-08-25,The Signature at MGM Grand - All Suites,Signature Deluxe Suite,US$89
2022-08-25,Palms Place Hotel and Spa,Studio,US$76
2022-08-25,Downtowner Boutique Hotel,Standard Queen Room,US$40
2022-08-25,Alexis Park All Suite Resort,Renovated Parlor Double,US$85
2022-08-25,Jet Luxury at The Signature Condo Hotel,Deluxe Studio,US$69
2022-08-25,Arizona Charlie's Boulder,Standard  Room with Two Double Beds,US$59
2022-08-25,Downtown Grand Hotel & Casino,Grand Deluxe King Bed Non-Smoking,US$115
2022-08-25,Ellis Island Hotel Casino & Brewery,Deluxe Queen Room with Two Queen Beds - Non-Smoking,US$95
2022-08-25,Polo Towers By Diamond Resorts,Studio,US$104
2022-08-25,Silver Sevens Hotel & Casino,Deluxe Double Queen,US$64
2022-08-25,Best Western Plus Henderson Hotel,King Room - Non-Smoking,US$105
2022-08-25,Plaza Hotel & Casino,Deluxe Room,US$108
2022-08-25,Best Western McCarran Inn,King Room - Non-Smoking,US$131
2022-08-25,DoubleTree by Hilton Las Vegas East Flamingo,King Room with Roll-in Shower - Mobility/Hearing Accessible,US$159
2022-08-25,Circa Resort & Casino - Adults Only,Single King ,US$139
2022-08-25,Arizona Charlie's Boulder,Deluxe Suite with One King + One Double Bed,US$93
2022-08-25,Sonesta Simply Suites Las Vegas Convention Center,Queen Studio Suite,US$108
2022-08-25,"Motel 6-Las Vegas, NV - Tropicana",Queen Room,US$109
2022-08-25,Hampton Inn & Suites Las Vegas Convention Center - No Resort Fee,Queen Room with Two Queen Beds,US$149
2022-08-25,Extended Stay America Suites - Las Vegas - Midtown,Queen studio with 1 Queen Bed - Disability Access/Non-Smoking,US$85
2022-08-25,Travelodge by Wyndham Las Vegas Airport Near The Strip,Queen Room with Two Queen Beds - Non-Smoking,US$98
2022-08-25,"Hampton Inn Las Vegas Strip South, NV 89123",Queen Room with Two Queen Beds,US$149
2022-08-25,Embassy Suites by Hilton Convention Center Las Vegas,Executive King Suite - Non-Smoking,US$173
2022-08-25,Hampton Inn Tropicana Las Vegas,King Room - Non-Smoking,US$159
2022-08-25,Arizona Charlie's Decatur,Klondike Standard Room,US$99
2022-08-25,Embassy Suites by Hilton Las Vegas,One-Bedroom King Suite - Non-Smoking,US$169
2022-08-25,Hampton Inn & Suites Las Vegas Airport,King Room - Non-Smoking,US$149
2022-08-25,"Holiday Inn Express Hotel and Suites - Henderson, an IHG Hotel",King Room - Non-Smoking,US$149
2022-08-25,"Holiday Inn Express Las Vegas-Nellis, an IHG Hotel",Standard  Room,US$124
2022-08-25,Skyline Hotel and Casino,Classic Full ,US$125
2022-08-25,"Motel 6-Las Vegas, NV - I-15 Stadium",Queen Room,US$109
